r,m,n,sqrt_n,P_amb,sec_bits,sec_bits_over_sqrt_n
2,5,31,5.567764,2.482300000000e-02,4.3321787059,0.7780822649
3,7,127,11.269428,1.641000000000e-04,11.5731371407,1.0269498576
