r,m,n,k,eps,P_amb
2,5,31,16,0.3,2.482300000000e-02
3,7,127,64,0.3,1.641000000000e-04
4,9,511,256,0.3,0.000000000000e+00
