r,m,n,k,eps,P_amb
1,3,7,4,0.4,2.089000000000e-01
2,5,31,16,0.4,1.476000000000e-01
3,7,127,64,0.4,2.330000000000e-02
